Date,Time,Application ID,Application Name,Error Severity,Error Message
3/25/2025,14:30,APP001,InventoryPlus,Critical,Database connection failure detected
3/26/2025,9:45,APP002,FinanceTool,High,Report generation timed out
3/27/2025,11:10,APP003,HRManager,Low,UI layout distortion encountered on mobile
3/28/2025,17:20,APP004,OrderManager,Critical,System crash during order processing
3/29/2025,16:05,APP005,DeliveryTrack,High,GPS tracking module initialization failed
3/30/2025,8:50,APP006,TimeTracker,Medium,Inconsistent timestamp format found in logs
3/31/2025,10:30,APP007,ExpenseManager,Low,Incorrect currency conversion applied
4/1/2025,12:15,APP008,PayrollService,Critical,Tax deductions miscalculated
4/2/2025,14:40,APP009,SupportDesk,Medium,Feedback form input validation error
4/3/2025,18:30,APP010,ChatAssistant,Low,Query response delayed due to network lag
4/4/2025,9:00,APP011,CRMPlus,Critical,Authentication token missing during API call
4/5/2025,14:20,APP012,SalesForceConnect,High,Duplicate data entries detected
4/6/2025,11:15,APP013,EventScheduler,Medium,Event creation failed due to invalid parameters
4/7/2025,16:40,APP014,MarketingSuite,Low,Email template formatting issue with unsupported tags
4/8/2025,10:50,APP015,AnalyticsTool,Medium,Dashboard loading request timed out
4/8/2025,11:15,APP016,InventoryPlus,High,Stock count synchronization failed
4/9/2025,9:00,APP017,FinanceTool,Critical,Payment gateway connection error
4/10/2025,12:40,APP018,HRManager,Medium,Employee data upload delayed
4/11/2025,14:30,APP019,OrderManager,Low,Order details update error
4/12/2025,18:50,APP020,DeliveryTrack,High,Delivery tracking system offline
4/13/2025,16:15,APP021,TimeTracker,Medium,Session timeout for active users
4/14/2025,11:00,APP022,ExpenseManager,Low,Expense approval workflow broken
4/15/2025,14:25,APP023,PayrollService,Critical,Payroll processing halted due to misconfiguration
4/16/2025,17:45,APP024,SupportDesk,Medium,Ticket escalation module failed
4/17/2025,10:35,APP025,ChatAssistant,Low,Incorrect responses generated
4/18/2025,15:55,APP026,CRMPlus,High,Customer database backup error
4/19/2025,7:50,APP027,SalesForceConnect,Critical,ERP integration module crash
4/20/2025,13:10,APP028,EventScheduler,Medium,Event reminder notification failed
4/21/2025,9:45,APP029,MarketingSuite,Low,Template synchronization mismatch
4/22/2025,12:15,APP030,AnalyticsTool,Medium,Data visualization export failed
4/23/2025,14:20,APP031,InventoryPlus,High,Warehouse system downtime detected
4/24/2025,8:40,APP032,FinanceTool,Critical,Bank transaction processing failed
4/25/2025,10:55,APP033,HRManager,Low,Leave application error due to invalid format
4/26/2025,12:30,APP034,OrderManager,Medium,Order status synchronization delay
4/27/2025,13:15,APP035,DeliveryTrack,High,Delivery route update failure
4/28/2025,16:00,APP036,TimeTracker,Medium,Task timer failed to start
4/29/2025,11:25,APP037,ExpenseManager,Low,Receipt upload error due to file size limit
4/30/2025,18:10,APP038,PayrollService,Critical,Incorrect pay calculation formula applied
5/1/2025,9:40,APP039,SupportDesk,Medium,Agent assignment failed for tickets
5/2/2025,14:05,APP040,ChatAssistant,Low,Message delivery delayed
5/3/2025,12:45,APP041,CRMPlus,High,Sales data synchronization timeout
5/4/2025,8:50,APP042,SalesForceConnect,Critical,Pipeline connection aborted
5/5/2025,17:30,APP043,EventScheduler,Medium,Recurring event configuration error
5/6/2025,11:20,APP044,MarketingSuite,Low,Ad campaign scheduling failed
5/7/2025,13:40,APP045,AnalyticsTool,Medium,Graph data missing due to query error
5/8/2025,15:35,APP046,InventoryPlus,High,Critical stock replenishment logic malfunction
5/9/2025,16:25,APP047,FinanceTool,Critical,Invoice creation failed due to database error
5/10/2025,9:15,APP048,HRManager,Low,Employee login issue reported
5/11/2025,12:55,APP049,OrderManager,Medium,Discount module miscalculation detected
5/12/2025,14:50,APP050,DeliveryTrack,High,Tracking updates delayed
5/13/2025,18:35,APP051,TimeTracker,Medium,Session handling error for multiple users
5/14/2025,10:30,APP052,ExpenseManager,Low,Expense report download failed
5/15/2025,14:20,APP053,PayrollService,Critical,Salary credit transactions declined
5/16/2025,9:50,APP054,SupportDesk,Medium,Error in ticket description validation
5/17/2025,13:15,APP055,ChatAssistant,Low,Autocorrect malfunction in responses
5/18/2025,17:10,APP056,CRMPlus,High,Revenue calculation module timeout
5/19/2025,12:45,APP057,SalesForceConnect,Critical,CRM sync terminated unexpectedly
5/20/2025,14:40,APP058,EventScheduler,Medium,Event timezone conversion failed
5/21/2025,9:05,APP059,MarketingSuite,Low,Lead scoring anomaly detected
5/22/2025,12:35,APP060,AnalyticsTool,Medium,Analysis module crash during operation
5/23/2025,14:25,APP061,InventoryPlus,High,Supply chain error detected
5/24/2025,8:15,APP062,FinanceTool,Critical,Financial forecast module halted
5/25/2025,10:45,APP063,HRManager,Low,Profile update issue in mobile app
5/26/2025,15:55,APP064,OrderManager,Medium,Shipping data mismatch identified
5/27/2025,13:30,APP065,DeliveryTrack,High,Real-time delivery updates delayed
